{"cameraMode":{"drawMode":3,"name":"Shadow Cascades","section":"Miscellaneous"},"sceneLighting":true,"audioPlay":false,"sceneViewState":{"m_AlwaysRefresh":false,"showFog":true,"showSkybox":true,"showFlares":true,"showImageEffects":true,"showParticleSystems":true,"showVisualEffectGraphs":true,"m_FxEnabled":true},"in2DMode":false,"pivot":{"x":0.046064332127571109,"y":0.8075380325317383,"z":-0.9605293273925781},"rotation":{"x":-0.0916631743311882,"y":-0.020003709942102433,"z":0.0018319832161068917,"w":-0.995594322681427},"size":3.9783051013946535,"orthographic":false}